{"codebraid_version": "0.11.0", "cache": {"e14921b0fb76a273dd0dda651f3e8a7d8a9675e385a619e0302a9d5f6d1264ddd2677e68719b7f6713740a1be4ab671d06577c6c6b294966a8f008ec6cfc9fe3_1726": {"session_status_prevent_exec": false, "session_errors": [], "session_warnings": [], "session_files": [], "code_chunks": {"0": {"stdout_lines": [], "stderr_lines": [], "repl_lines": [], "expr_lines": []}, "1": {"stdout_lines": [], "stderr_lines": [], "repl_lines": [], "expr_lines": [], "rich_output": [{"files": {}, "data": {"text/plain": "Yes"}}]}, "2": {"stdout_lines": [], "stderr_lines": [], "repl_lines": [], "expr_lines": [], "rich_output": [{"files": {}, "data": {"text/plain": "No"}}]}, "3": {"stdout_lines": [], "stderr_lines": [], "repl_lines": [], "expr_lines": [], "rich_output": [{"files": {}, "data": {"text/plain": "Great, now move on to tricks"}}]}, "4": {"stdout_lines": [], "stderr_lines": [], "repl_lines": [], "expr_lines": [], "rich_output": [{"files": {}, "data": {"text/plain": "Keep at it until you get it"}}]}, "5": {"stdout_lines": [], "stderr_lines": [], "repl_lines": [], "expr_lines": [], "rich_output": [{"files": {}, "data": {"text/plain": "15"}}]}, "6": {"stdout_lines": [], "stderr_lines": [], "repl_lines": [], "expr_lines": [], "rich_output": [{"files": {}, "data": {"text/plain": "0"}}]}, "7": {"stdout_lines": [], "stderr_lines": [], "repl_lines": [], "expr_lines": [], "rich_output": [{"files": {}, "data": {"text/plain": "120"}}]}, "8": {"stdout_lines": [], "stderr_lines": [], "repl_lines": [], "expr_lines": [], "rich_output": [{"files": {}, "data": {"text/plain": "$100"}}]}, "9": {"stdout_lines": [], "stderr_lines": [], "repl_lines": [], "expr_lines": [], "rich_output": [{"files": {}, "data": {"text/plain": "$500"}}]}, "10": {"stdout_lines": [], "stderr_lines": [], "repl_lines": [], "expr_lines": [], "rich_output": [{"files": {}, "data": {"text/plain": "Player 1 won!"}}]}, "11": {"stdout_lines": [], "stderr_lines": [], "repl_lines": [], "expr_lines": [], "rich_output": [{"files": {}, "data": {"text/plain": "Player 1 won!"}}]}, "12": {"stdout_lines": [], "stderr_lines": [], "repl_lines": [], "expr_lines": [], "rich_output": [{"files": {}, "data": {"text/plain": "Draw!"}}]}, "13": {"stdout_lines": [], "stderr_lines": [], "repl_lines": [], "expr_lines": [], "rich_output": [{"files": {}, "data": {"text/plain": "A"}}]}, "14": {"stdout_lines": [], "stderr_lines": [], "repl_lines": [], "expr_lines": [], "rich_output": [{"files": {}, "data": {"text/plain": "E"}}]}, "15": {"stdout_lines": [], "stderr_lines": [], "repl_lines": [], "expr_lines": [], "rich_output": [{"files": {}, "data": {"text/plain": "E"}}]}, "16": {"stdout_lines": [], "stderr_lines": [], "repl_lines": [], "expr_lines": [], "rich_output": [{"files": {}, "data": {"text/plain": "Odd"}}]}, "17": {"stdout_lines": [], "stderr_lines": [], "repl_lines": [], "expr_lines": [], "rich_output": [{"files": {}, "data": {"text/plain": "Even"}}]}, "18": {"stdout_lines": [], "stderr_lines": [], "repl_lines": [], "expr_lines": [], "rich_output": [{"files": {}, "data": {"text/plain": "4"}}]}, "19": {"stdout_lines": [], "stderr_lines": [], "repl_lines": [], "expr_lines": [], "rich_output": [{"files": {}, "data": {"text/plain": "4"}}]}, "20": {"stdout_lines": [], "stderr_lines": [], "repl_lines": [], "expr_lines": [], "rich_output": [{"files": {}, "data": {"text/plain": "5"}}]}, "21": {"stdout_lines": [], "stderr_lines": [], "repl_lines": [], "expr_lines": [], "rich_output": [{"files": {}, "data": {"text/plain": "5"}}]}, "22": {"stdout_lines": [], "stderr_lines": [], "repl_lines": [], "expr_lines": [], "rich_output": [{"files": {}, "data": {"text/plain": "16"}}]}, "23": {"stdout_lines": [], "stderr_lines": [], "repl_lines": [], "expr_lines": [], "rich_output": [{"files": {}, "data": {"text/plain": "27"}}]}, "24": {"stdout_lines": [], "stderr_lines": [], "repl_lines": [], "expr_lines": [], "rich_output": [{"files": {}, "data": {"text/plain": "Miss"}}]}, "25": {"stdout_lines": [], "stderr_lines": [], "repl_lines": [], "expr_lines": [], "rich_output": [{"files": {}, "data": {"text/plain": "BangBoom"}}]}, "26": {"stdout_lines": [], "stderr_lines": [], "repl_lines": [], "expr_lines": [], "rich_output": [{"files": {}, "data": {"text/plain": "Boom"}}]}, "27": {"stdout_lines": [], "stderr_lines": [], "repl_lines": [], "expr_lines": [], "rich_output": [{"files": {}, "data": {"text/plain": "Bang"}}]}}}}}