{"codebraid_version": "0.11.0", "cache": {"ab9b9690212c93c206496e18a21a68bdd9ea94cbb6fb55d1f3c39c86cc42a1673ae07bbdf7e25416ebf6f346bc983203cd92ae107308da38c127e5779d5ba97a_5909": {"session_status_prevent_exec": false, "session_errors": [], "session_warnings": [], "session_files": [], "code_chunks": {"0": {"stdout_lines": [], "stderr_lines": [], "repl_lines": [], "expr_lines": []}, "1": {"stdout_lines": [], "stderr_lines": [], "repl_lines": [], "expr_lines": [], "rich_output": [{"files": {}, "data": {"text/plain": "Hey Anna! Please choose rock, paper or scissors!"}}]}, "2": {"stdout_lines": [], "stderr_lines": [], "repl_lines": [], "expr_lines": [], "rich_output": [{"files": {}, "data": {"text/plain": "Hey Timo! Please choose rock, paper or scissors!"}}]}, "3": {"stdout_lines": [], "stderr_lines": [], "repl_lines": [], "expr_lines": [], "rich_output": [{"files": {}, "data": {"text/plain": "Round 1 of 3"}}]}, "4": {"stdout_lines": [], "stderr_lines": [], "repl_lines": [], "expr_lines": [], "rich_output": [{"files": {}, "data": {"text/plain": "Round 4 of 5"}}]}, "5": {"stdout_lines": [], "stderr_lines": [], "repl_lines": [], "expr_lines": [], "rich_output": [{"files": {}, "data": {"text/plain": "Hello Player 1! What's your name?"}}]}, "6": {"stdout_lines": [], "stderr_lines": [], "repl_lines": [], "expr_lines": [], "rich_output": [{"files": {}, "data": {"text/plain": "Hello Player 2! What's your name?"}}]}, "7": {"stdout_lines": ["Round 1 of 5"], "stderr_lines": [], "repl_lines": [], "expr_lines": []}, "8": {"stdout_lines": ["Round 1 of 1"], "stderr_lines": [], "repl_lines": [], "expr_lines": []}, "9": {"stdout_lines": [], "stderr_lines": [], "repl_lines": [], "expr_lines": [], "rich_output": [{"files": {}, "data": {"text/plain": "Kevin has 1 point"}}]}, "10": {"stdout_lines": [], "stderr_lines": [], "repl_lines": [], "expr_lines": [], "rich_output": [{"files": {}, "data": {"text/plain": "Barbara has 3 points"}}]}, "11": {"stdout_lines": [], "stderr_lines": [], "repl_lines": [], "expr_lines": [], "rich_output": [{"files": {}, "data": {"text/plain": "1"}}]}, "12": {"stdout_lines": [], "stderr_lines": [], "repl_lines": [], "expr_lines": [], "rich_output": [{"files": {}, "data": {"text/plain": "2"}}]}, "13": {"stdout_lines": [], "stderr_lines": [], "repl_lines": [], "expr_lines": [], "rich_output": [{"files": {}, "data": {"text/plain": "Nobody"}}]}, "14": {"stdout_lines": [], "stderr_lines": [], "repl_lines": [], "expr_lines": [], "rich_output": [{"files": {}, "data": {"text/plain": "Grace wins this game!"}}]}, "15": {"stdout_lines": [], "stderr_lines": [], "repl_lines": [], "expr_lines": [], "rich_output": [{"files": {}, "data": {"text/plain": "Alan wins this round!"}}]}, "16": {"stdout_lines": [], "stderr_lines": [], "repl_lines": [], "expr_lines": [], "rich_output": [{"files": {}, "data": {"text/plain": "Nobody wins this round!"}}]}, "17": {"stdout_lines": [], "stderr_lines": [], "repl_lines": [], "expr_lines": [], "rich_output": [{"files": {}, "data": {"text/plain": "Grace wins this round!"}}]}, "18": {"stdout_lines": [], "stderr_lines": [], "repl_lines": [], "expr_lines": [], "rich_output": [{"files": {}, "data": {"text/plain": "Alan wins this round!"}}]}, "19": {"stdout_lines": [], "stderr_lines": [], "repl_lines": [], "expr_lines": [], "rich_output": [{"files": {}, "data": {"text/plain": "Nobody wins this round!"}}]}, "20": {"stdout_lines": [], "stderr_lines": [], "repl_lines": [], "expr_lines": [], "rich_output": [{"files": {}, "data": {"text/plain": "Alan wins this game!"}}]}, "21": {"stdout_lines": [], "stderr_lines": [], "repl_lines": [], "expr_lines": [], "rich_output": [{"files": {}, "data": {"text/plain": "Grace wins this game!"}}]}, "22": {"stdout_lines": [], "stderr_lines": [], "repl_lines": [], "expr_lines": [], "rich_output": [{"files": {}, "data": {"text/plain": "Nobody wins this game!"}}]}, "23": {"stdout_lines": [], "stderr_lines": [], "repl_lines": [], "expr_lines": [], "rich_output": [{"files": {}, "data": {"text/plain": "4"}}]}, "24": {"stdout_lines": [], "stderr_lines": [], "repl_lines": [], "expr_lines": [], "rich_output": [{"files": {}, "data": {"text/plain": "3"}}]}, "25": {"stdout_lines": [], "stderr_lines": [], "repl_lines": [], "expr_lines": [], "rich_output": [{"files": {}, "data": {"text/plain": "1"}}]}, "26": {"stdout_lines": ["Grace wins this round!"], "stderr_lines": [], "repl_lines": [], "expr_lines": []}, "27": {"stdout_lines": ["Alan wins this round!"], "stderr_lines": [], "repl_lines": [], "expr_lines": []}, "28": {"stdout_lines": ["Nobody wins this round!"], "stderr_lines": [], "repl_lines": [], "expr_lines": []}, "29": {"stdout_lines": ["Kevin has 1 point", "Barbara has 5 points"], "stderr_lines": [], "repl_lines": [], "expr_lines": []}, "30": {"stdout_lines": ["Ali has 1 point", "Maria has 5 points"], "stderr_lines": [], "repl_lines": [], "expr_lines": []}, "31": {"stdout_lines": ["Barbara wins this game!"], "stderr_lines": [], "repl_lines": [], "expr_lines": []}, "32": {"stdout_lines": ["Ali wins this game!"], "stderr_lines": [], "repl_lines": [], "expr_lines": []}, "33": {"stdout_lines": ["Nobody wins this game!"], "stderr_lines": [], "repl_lines": [], "expr_lines": []}}}}}