{"codebraid_version": "0.11.0", "cache": {"6c8c271315f48958a18964b801aea57ddffec0e2c72a98b100a827453bf672ffbdfab9e76ba000f1a5a0fba0fc6d280020371087707d8f5b7b6ca78b0243b17b_849": {"session_status_prevent_exec": false, "session_errors": [], "session_warnings": [], "session_files": [], "code_chunks": {"0": {"stdout_lines": [], "stderr_lines": [], "repl_lines": [], "expr_lines": []}, "1": {"stdout_lines": [], "stderr_lines": [], "repl_lines": [], "expr_lines": [], "rich_output": [{"files": {}, "data": {"text/plain": "2 * 2 * 2 * 2 * 2 * 2 * 2 * 2 * 2 * 2 * 2 * 2 * 2 * 2 * 2 * 2 = 65536"}}]}, "2": {"stdout_lines": [], "stderr_lines": [], "repl_lines": [], "expr_lines": [], "rich_output": [{"files": {}, "data": {"text/plain": "3"}}]}, "3": {"stdout_lines": [], "stderr_lines": [], "repl_lines": [], "expr_lines": [], "rich_output": [{"files": {}, "data": {"text/plain": "2"}}]}, "4": {"stdout_lines": [], "stderr_lines": [], "repl_lines": [], "expr_lines": [], "rich_output": [{"files": {}, "data": {"text/plain": "2"}}]}, "5": {"stdout_lines": [], "stderr_lines": [], "repl_lines": [], "expr_lines": [], "rich_output": [{"files": {}, "data": {"text/plain": "0"}}]}}}}}