{"codebraid_version": "0.11.0", "cache": {"44e39e2a8f4b2f0761530bec95e28db226ad9fd9a45c083f3876aef6071a9c205352da70db476f09169c798dbe75dd31a36c84c656eb20297c5bdafc53340af5_5909": {"session_status_prevent_exec": false, "session_errors": [], "session_warnings": [], "session_files": [], "code_chunks": {"0": {"stdout_lines": [], "stderr_lines": [], "repl_lines": [], "expr_lines": []}, "1": {"stdout_lines": [], "stderr_lines": [], "repl_lines": [], "expr_lines": [], "rich_output": [{"files": {}, "data": {"text/plain": "Hey Anna! Please choose rock, paper or scissors!"}}]}, "2": {"stdout_lines": [], "stderr_lines": [], "repl_lines": [], "expr_lines": [], "rich_output": [{"files": {}, "data": {"text/plain": "Hey Timo! Please choose rock, paper or scissors!"}}]}, "3": {"stdout_lines": [], "stderr_lines": [], "repl_lines": [], "expr_lines": [], "rich_output": [{"files": {}, "data": {"text/plain": "Round 1 of 3"}}]}, "4": {"stdout_lines": [], "stderr_lines": [], "repl_lines": [], "expr_lines": [], "rich_output": [{"files": {}, "data": {"text/plain": "Round 4 of 5"}}]}, "5": {"stdout_lines": [], "stderr_lines": [], "repl_lines": [], "expr_lines": [], "rich_output": [{"files": {}, "data": {"text/plain": "Hello Player 1! What's your name?"}}]}, "6": {"stdout_lines": [], "stderr_lines": [], "repl_lines": [], "expr_lines": [], "rich_output": [{"files": {}, "data": {"text/plain": "Hello Player 2! What's your name?"}}]}, "7": {"stdout_lines": ["Round 1 of 5"], "stderr_lines": [], "repl_lines": [], "expr_lines": []}, "8": {"stdout_lines": ["Round 1 of 1"], "stderr_lines": [], "repl_lines": [], "expr_lines": []}, "9": {"stdout_lines": [], "stderr_lines": [], "repl_lines": [], "expr_lines": [], "rich_output": [{"files": {}, "data": {"text/plain": "Kevin has 1 point"}}]}, "10": {"stdout_lines": [], "stderr_lines": [], "repl_lines": [], "expr_lines": [], "rich_output": [{"files": {}, "data": {"text/plain": "Barbara has 3 points"}}]}, "11": {"stdout_lines": [], "stderr_lines": [], "repl_lines": [], "expr_lines": [], "rich_output": [{"files": {}, "data": {"text/plain": "4"}}]}, "12": {"stdout_lines": [], "stderr_lines": [], "repl_lines": [], "expr_lines": [], "rich_output": [{"files": {}, "data": {"text/plain": "3"}}]}, "13": {"stdout_lines": [], "stderr_lines": [], "repl_lines": [], "expr_lines": [], "rich_output": [{"files": {}, "data": {"text/plain": "1"}}]}, "14": {"stdout_lines": [], "stderr_lines": [], "repl_lines": [], "expr_lines": [], "rich_output": [{"files": {}, "data": {"text/plain": "1"}}]}, "15": {"stdout_lines": [], "stderr_lines": [], "repl_lines": [], "expr_lines": [], "rich_output": [{"files": {}, "data": {"text/plain": "2"}}]}, "16": {"stdout_lines": [], "stderr_lines": [], "repl_lines": [], "expr_lines": [], "rich_output": [{"files": {}, "data": {"text/plain": "Nobody"}}]}, "17": {"stdout_lines": [], "stderr_lines": [], "repl_lines": [], "expr_lines": [], "rich_output": [{"files": {}, "data": {"text/plain": "Grace wins this game!"}}]}, "18": {"stdout_lines": [], "stderr_lines": [], "repl_lines": [], "expr_lines": [], "rich_output": [{"files": {}, "data": {"text/plain": "Alan wins this round!"}}]}, "19": {"stdout_lines": [], "stderr_lines": [], "repl_lines": [], "expr_lines": [], "rich_output": [{"files": {}, "data": {"text/plain": "Nobody wins this round!"}}]}, "20": {"stdout_lines": [], "stderr_lines": [], "repl_lines": [], "expr_lines": [], "rich_output": [{"files": {}, "data": {"text/plain": "Grace wins this round!"}}]}, "21": {"stdout_lines": [], "stderr_lines": [], "repl_lines": [], "expr_lines": [], "rich_output": [{"files": {}, "data": {"text/plain": "Alan wins this round!"}}]}, "22": {"stdout_lines": [], "stderr_lines": [], "repl_lines": [], "expr_lines": [], "rich_output": [{"files": {}, "data": {"text/plain": "Nobody wins this round!"}}]}, "23": {"stdout_lines": [], "stderr_lines": [], "repl_lines": [], "expr_lines": [], "rich_output": [{"files": {}, "data": {"text/plain": "Alan wins this game!"}}]}, "24": {"stdout_lines": [], "stderr_lines": [], "repl_lines": [], "expr_lines": [], "rich_output": [{"files": {}, "data": {"text/plain": "Grace wins this game!"}}]}, "25": {"stdout_lines": [], "stderr_lines": [], "repl_lines": [], "expr_lines": [], "rich_output": [{"files": {}, "data": {"text/plain": "Nobody wins this game!"}}]}, "26": {"stdout_lines": ["Grace wins this round!"], "stderr_lines": [], "repl_lines": [], "expr_lines": []}, "27": {"stdout_lines": ["Alan wins this round!"], "stderr_lines": [], "repl_lines": [], "expr_lines": []}, "28": {"stdout_lines": ["Nobody wins this round!"], "stderr_lines": [], "repl_lines": [], "expr_lines": []}, "29": {"stdout_lines": ["Kevin has 1 point", "Barbara has 5 points"], "stderr_lines": [], "repl_lines": [], "expr_lines": []}, "30": {"stdout_lines": ["Ali has 1 point", "Maria has 5 points"], "stderr_lines": [], "repl_lines": [], "expr_lines": []}, "31": {"stdout_lines": ["Barbara wins this game!"], "stderr_lines": [], "repl_lines": [], "expr_lines": []}, "32": {"stdout_lines": ["Ali wins this game!"], "stderr_lines": [], "repl_lines": [], "expr_lines": []}, "33": {"stdout_lines": ["Nobody wins this game!"], "stderr_lines": [], "repl_lines": [], "expr_lines": []}}}}}